index,index_0,index_1,index_2,index_3,index_4,id_0,id_1,id_2,id_3,id_4,statement_0,statement_1,statement_2,statement_3,statement_4,answer_0,answer_1,answer_2,answer_3,answer_4,output_answer_0,output_answer_1,output_answer_2,output_answer_3,output_answer_4,output_explanation_0,output_explanation_1,output_explanation_2,output_explanation_3,output_explanation_4,explanation_0,explanation_1,explanation_2,explanation_3,explanation_4,other_answer1_0,other_answer1_1,other_answer1_2,other_answer1_3,other_answer1_4,other_answer2_0,other_answer2_1,other_answer2_2,other_answer2_3,other_answer2_4,img_name_0,img_name_1,img_name_2,img_name_3,img_name_4
0,2410,4866,932,4293,3496,160541986.jpg#3r1e,177591612.jpg#1r4c,2384401298.jpg#1r1c,4967261262.jpg#1r1e,5489602545.jpg#3r1e,She is wearing jewelry.,Two men are lying in bunk beds sleeping.,Two puppies drowned in a stream.,People are having fun together.,Someone is sweeping,entailment,contradiction,contradiction,entailment,entailment,entailment,contradiction,contradiction,entailment,entailment,a pearl necklace is a type of jewelry,the men cannot be doing a handstand and lying in bunk beds simultaneously,the dogs cannot be walking and drowned at the same time,the people are having fun because they are performing a routine,a person is someone,"when a girl is decked out with jewelry, she is wearing the jewelry",upside down is different than sleeping,a dog and puppies are not the same,there are three girls having fun together,a shopkeeper is someone,contradiction,entailment,entailment,contradiction,contradiction,neutral,neutral,neutral,neutral,neutral,160541986.jpg%233r1e.jpg,177591612.jpg%231r4c.jpg,2384401298.jpg%231r1c.jpg,4967261262.jpg%231r1e.jpg,5489602545.jpg%233r1e.jpg
5,12430,7351,6492,3548,9820,3415178926.jpg#4r1n,3732728142.jpg#0r1e,410422753.jpg#4r5e,2446830166.jpg#2r2c,4791513183.jpg#2r1n,The man tried to get the dog to play catch.,There is a baby wearing a hat.,There is snow in the picture.,A man in stilts sits on a park bench with a woman.,The girl is bored.,neutral,entailment,entailment,contradiction,neutral,neutral,entailment,entailment,contradiction,neutral,the man could have been playing with the dog instead of trying to get it to play catch,a baby wearing a hat is part of the overall description of the baby in a stroller,a dog is running in the snow,the man cannot be walking and sitting at the same time,just because a girl is standing in the doorway of a building doesn't mean she is bored,the man is trying to get a stick away from the dog. it is unknown whether or not he is playing catch,just because a baby is wearing a red beanie it does not mean the baby is wearing a hat,if a dog is in the snow then there is snow,the man cannot be on stilts walking behind a woman and sitting on a park bench simultaneously,there is a girl in the picture but no way to tell whether she feels bored,entailment,contradiction,contradiction,entailment,entailment,contradiction,neutral,neutral,neutral,contradiction,3415178926.jpg%234r1n.jpg,3732728142.jpg%230r1e.jpg,410422753.jpg%234r5e.jpg,2446830166.jpg%232r2c.jpg,4791513183.jpg%232r1n.jpg
10,7395,5336,4334,13553,3973,4842876705.jpg#4r1e,4586247564.jpg#0r1e,390369.jpg#0r1c,4715269800.jpg#1r1n,3399944164.jpg#4r1c,"Man playing music, smoking",A woman is walking on the road.,A man dressed as the Statue of Liberty is in a jail cell for inciting a riot.,A girl is looking out the window of the ambulance.,The man and woman are jogging down a trail.,entailment,entailment,contradiction,contradiction,contradiction,entailment,entailment,contradiction,contradiction,contradiction,a man playing music is smoking,a woman walking on the road is part of her overall description of walking along a road,the man is either in a jail cell or in the street,a man is not a girl,the man and woman cannot be laying down and jogging at the same time,one can make music while playing a big instrument,a middle-aged woman is a woman and a breakwater in a european coastal town is a road,the man is either in jail or in the middle o the street,a man is looking out the window of the ambulance ,you can not be laid back relaxing when your jogging down a trail,contradiction,contradiction,entailment,entailment,entailment,neutral,neutral,neutral,neutral,neutral,4842876705.jpg%234r1e.jpg,4586247564.jpg%230r1e.jpg,390369.jpg%230r1c.jpg,4715269800.jpg%231r1n.jpg,3399944164.jpg%234r1c.jpg
15,3310,14325,420,6442,5488,86120682.jpg#4r1c,2518853257.jpg#2r1n,4365035558.jpg#0r1c,2202059975.jpg#1r1c,2536957963.jpg#3r1c,A woman eats lunch in the park.,A man and a woman are in lawn chairs reading books,A family is skiing in Aspen.,The people are sitting inside.,Two men run through a field.,contradiction,entailment,contradiction,contradiction,contradiction,contradiction,entailment,contradiction,contradiction,contradiction,the woman cannot be sitting on a table and eating lunch simultaneously,a man and a woman are reading books in lawn chairs,the family cannot be skiing and standing on the beach simultaneously,the people cannot be sitting inside and walking down the street at the same time,the men cannot simultaneously run and be standing,she could not be in front of a fire because there would not be a fire in the park,you can see a man and a woman sitting in lawn chairs reading books,people on a beach cannot be skiing,outside is inherently not inside,stairs is contradictory to field,entailment,contradiction,entailment,entailment,entailment,neutral,neutral,neutral,neutral,neutral,86120682.jpg%234r1c.jpg,2518853257.jpg%232r1n.jpg,4365035558.jpg%230r1c.jpg,2202059975.jpg%231r1c.jpg,2536957963.jpg%233r1c.jpg
20,9200,5341,13702,8814,6419,1235455146.jpg#0r1c,129662899.jpg#2r1e,2905200744.jpg#2r1n,4071750215.jpg#1r1e,2618322793.jpg#4r1c,The family is dead.,man in jumpsuit,There is water nearby.,A child is playing outside.,the boy is standing still,contradiction,entailment,entailment,entailment,contradiction,contradiction,entailment,entailment,entailment,contradiction,the family cannot be dead if they are enjoying the beach,a man in a jumpsuit is the same as a man in a jumpsuit,"if there is an ocean, there is water nearby",a child is playing outside in a pile of leaves,the boy cannot be sitting and standing still simultaneously,a family picnicking cannot be said dead,man in jumpsuit is the same as man in jumpsuit,"yes,there is water nearby",a little girl is a child and she is playing with some leaves so she is outside,swings implies motion so the boy cannot be standing still,entailment,contradiction,contradiction,contradiction,entailment,neutral,neutral,neutral,neutral,neutral,1235455146.jpg%230r1c.jpg,129662899.jpg%232r1e.jpg,2905200744.jpg%232r1n.jpg,4071750215.jpg%231r1e.jpg,2618322793.jpg%234r1c.jpg
25,13942,5390,14448,11027,13690,2612125121.jpg#0r1n,821599220.jpg#1r1e,3745405944.jpg#1r1n,3416339125.jpg#1r1n,177591612.jpg#0r1n,A man is drawing his family at the beach.,The hikers are at a very high altitude.,The man is drinking a soda.,A father and son are drinking beer together.,Two good-looking young guys are posing for a picture with a brand new football.,neutral,entailment,neutral,neutral,neutral,neutral,entailment,neutral,neutral,neutral,a man drawing a picture of a family does not imply that he is drawing his family at the beach,a mountain is a very high altitude,"a man can drink anything, not just soda",just because two men are sitting at a table drinking beer doesn't mean they are father and son,not all young guys are good looking,a man is drawing while a group of people are about him and the umbrella in the picture as well as the skyline and trees could be located at a beach,"a male and female hiker means they are both hikers. when one peers out over the mountains, one is at a very high altitude","the man is drinking something, but it is unclear if it is a soda","two men are drinking beer together, but we do not know if they are father and son","they look like they might be posing for a picture, but the football is seems like it could be out-of-reach for them and not be detrimental for their picture",entailment,contradiction,entailment,entailment,entailment,contradiction,neutral,contradiction,contradiction,contradiction,2612125121.jpg%230r1n.jpg,821599220.jpg%231r1e.jpg,3745405944.jpg%231r1n.jpg,3416339125.jpg%231r1n.jpg,177591612.jpg%230r1n.jpg
30,1171,13605,13775,8747,14287,1303727066.jpg#4r1c,2735558076.jpg#0r1n,392467282.jpg#2r1n,3518443604.jpg#1r1c,3494151850.jpg#2r1n,"Man in business attire, in a meeting.",A young boy sits on the ground in a family picture.,The dogs are playing in the snow.,The people are laughing and joking around.,The men are on their way to a rescue.,contradiction,neutral,neutral,contradiction,neutral,contradiction,neutral,neutral,contradiction,neutral,a man cannot be in a meeting and in a crowded area at the same time,a young boy sitting on the ground is not assumed to be in a family picture,just because the dogs are playing in the snow doesn't mean they are playing in the snow,the people cannot be laughing and joking around while they are sitting on the steps,you can not infer they are on their way to a rescue,wearing a peace sign is different than business attire,yes there is a young boy clearly sitting on the ground. no evidence of any family members or family photo,the dogs are in the snow but there is not enough evidence to show that they are playing,the people are unlikely to be laughing and joking at the same time as cowering in a doorway,though the men are on their way but we cant conclude that they are on their way to rescue,entailment,entailment,entailment,entailment,entailment,neutral,contradiction,contradiction,neutral,contradiction,1303727066.jpg%234r1c.jpg,2735558076.jpg%230r1n.jpg,392467282.jpg%232r1n.jpg,3518443604.jpg%231r1c.jpg,3494151850.jpg%232r1n.jpg
35,7871,3769,5626,11526,5373,3081330705.jpg#0r3e,6225843702.jpg#2r1c,2319389144.jpg#1r1c,137444466.jpg#4r1n,3000017878.jpg#4r1e,There is a man outdoors.,the man has no limbs,The picture is taken on the national highway.,They are at the market.,The band is playing music.,entailment,contradiction,contradiction,neutral,entailment,entailment,contradiction,contradiction,neutral,entailment,"a man is standing on a rock overlooking a lake and mountains, which are outdoors",the man cannot be riding a bike if he has no limbs,the picture is either taken on the national highway or on the street,people can be at a street without being at a market,a band is playing music on stage,mountains are considered to be outdoors,a man with no limbs can't possibly maneuver his bike,a street is not the same as a highway,the picture shows a lot of people in a picture. it is unclear if they are at a market or where they are exactly,band is playing on a stage is same as band is playing music,contradiction,entailment,entailment,entailment,contradiction,neutral,neutral,neutral,contradiction,neutral,3081330705.jpg%230r3e.jpg,6225843702.jpg%232r1c.jpg,2319389144.jpg%231r1c.jpg,137444466.jpg%234r1n.jpg,3000017878.jpg%234r1e.jpg
40,81,13634,5221,5898,6118,3518443604.jpg#0r1e,3731739486.jpg#4r1n,2219805467.jpg#2r1c,7430272380.jpg#4r1c,1423997242.jpg#3r1c,There are two people,The people are going home from work.,The dog has a bone in its mouth.,A woman is washing the dishes in the kitchen sink.,Nobody is relaxing.,entailment,neutral,contradiction,contradiction,contradiction,entailment,neutral,contradiction,contradiction,contradiction,two people are sitting on the steps,people can get off a school bus without going home from work,the dog cannot simultaneously have a ball and a bone in its mouth,a man is not a woman,a man is not nobody,answer: shielding their faces implies that there are two people,the people getting on the bus could be going home from work or going on a trip,a tennis ball is different then a bone,one cannot be man and woman simultaneously,nobody is zero person whereas a man counts to one,contradiction,entailment,entailment,entailment,entailment,neutral,contradiction,neutral,neutral,neutral,3518443604.jpg%230r1e.jpg,3731739486.jpg%234r1n.jpg,2219805467.jpg%232r1c.jpg,7430272380.jpg%234r1c.jpg,1423997242.jpg%233r1c.jpg
45,7537,11188,12414,7338,336,637245791.jpg#0r1c,965444691.jpg#1r1n,7081584189.jpg#0r4n,1285874746.jpg#3r5e,3355683198.jpg#2r1e,The boy is sitting in a chair.,The baby is the man's daughter.,Tall people in a kayak,A crowd of people.,a boy does a trick on a skateboard,contradiction,neutral,neutral,entailment,entailment,contradiction,neutral,neutral,entailment,entailment,the boy cannot be sitting on the floor and sitting in a chair simultaneously,a baby can be a boy or a girl and not be the man's daughter,not all kayakers are tall,a crowd of people is a crowd of people,a boy is doing a trick on a skateboard,chair and floor are different things,"while there is a baby being held by a man, there is no evidence that the baby is the daughter of the man",the height of the people is unknown therefore they might not be tall,a woman is part of a crowd,if a boy does a trick on a skateboard he must first be riding a skateboard,entailment,entailment,entailment,contradiction,contradiction,neutral,contradiction,contradiction,neutral,neutral,637245791.jpg%230r1c.jpg,965444691.jpg%231r1n.jpg,7081584189.jpg%230r4n.jpg,1285874746.jpg%233r5e.jpg,3355683198.jpg%232r1e.jpg
50,7352,13552,2199,12748,6744,3732728142.jpg#0r1c,3449846784.jpg#3r1n,4439654945.jpg#0r5e,3169276423.jpg#0r1n,6828750292.jpg#1r1e,The baby is crying and not wearing any clothes.,a dog is outdoors playing,Children feign sleep while observing the local customs of adults.,The people are blowing smoke out of their mouths.,Three guys are on the field.,contradiction,entailment,entailment,contradiction,entailment,contradiction,entailment,entailment,contradiction,entailment,the baby cannot be crying and not wearing any clothes at the same time,a dog is playing with a ball on the gravel,children are children and they are watching adults so they are observing the local customs of adults,the people cannot be blowing smoke out of their mouths and holding fake moustaches in their mouths simultaneously,three guys are playing lacrosse on a field,"if one is wearing a beanie, they cannot be not wearing any clothes",this is a dog playing outdoors,children can be young children,there is no blowing smoke,lacrosse is a sport usually played on the field,entailment,contradiction,contradiction,entailment,contradiction,neutral,neutral,neutral,neutral,neutral,3732728142.jpg%230r1c.jpg,3449846784.jpg%233r1n.jpg,4439654945.jpg%230r5e.jpg,3169276423.jpg%230r1n.jpg,6828750292.jpg%231r1e.jpg
55,14385,1083,7431,6562,1291,2701892321.jpg#2r1n,4494075018.jpg#0r1e,4759710534.jpg#2r1c,3456579559.jpg#1r1e,2382950929.jpg#1r1c,The grand master of chun kuk do graced the audience with a performance.,A man is near water.,The woman is jogging.,The trick is performed in the air.,A boy helps a elderly woman cross the busy intersection.,neutral,entailment,contradiction,entailment,contradiction,neutral,entailment,contradiction,entailment,contradiction,the man may not be the grand master,a man is near water because he is standing in front of a boat,the woman cannot be standing and jogging at the same time,a skateboard trick is a trick,the boy cannot be sitting on rocks and helping a woman cross an intersection simultaneously,"it looks as though the men are practicing chun kuk do but i do not know how to tell if the person depicted is the ""grand master.""",cruises along the water implies near water,"if the woman is jogging, she is most likely not carrying a purse since it would just disturb her while jogging",if the skateboarder is jumping a trick in the air then the trick is performed in the air,the boy cannot help an elderly woman cross a busy road at the same time as he ties his shoe near a rock in front of water,entailment,contradiction,entailment,contradiction,entailment,contradiction,neutral,neutral,neutral,neutral,2701892321.jpg%232r1n.jpg,4494075018.jpg%230r1e.jpg,4759710534.jpg%232r1c.jpg,3456579559.jpg%231r1e.jpg,2382950929.jpg%231r1c.jpg
60,5592,13150,14560,7637,6186,3774986130.jpg#4r1e,104285082.jpg#2r1n,72010346.jpg#1r1n,1810651611.jpg#3r2e,4912431886.jpg#1r1c,The women are playing with a toy.,The man is playing for an audience,The man and woman are swaying to their favorite song.,The girl is playing outside.,A man is walking in the park.,entailment,entailment,neutral,entailment,contradiction,entailment,entailment,neutral,entailment,contradiction,hula hooping is a form of playing with a toy,a man playing an instrument is playing for an audience,just because a man and woman are dancing doesn't mean they are swaying to their favorite song,a girl is playing outside in a backyard,the man cannot be walking and rappelling simultaneously,hula hoops are a toy,a man in the picture appears to be playing for an audience,the man and woman are swaying to music,girl is young,hanging and walking are different actions building and park are different places,contradiction,contradiction,entailment,contradiction,entailment,neutral,neutral,contradiction,neutral,neutral,3774986130.jpg%234r1e.jpg,104285082.jpg%232r1n.jpg,72010346.jpg%231r1n.jpg,1810651611.jpg%233r2e.jpg,4912431886.jpg%231r1c.jpg
65,14300,1540,12148,10841,5516,2881378816.jpg#3r1n,415604639.jpg#1r1e,3201517121.jpg#0r1n,4917931600.jpg#3r1n,21514026.jpg#4r1c,While sitting near a street the man is wearing a blue shirt eating a hotdog,A man and a woman exit and enter a kitchen.,Two soldiers fighting after an argument.,The man in goggles just crashed a plane.,In a cafe a woman stands naked,contradiction,entailment,neutral,contradiction,contradiction,contradiction,entailment,neutral,contradiction,contradiction,the man cannot be wearing a black and white striped shirt and a blue shirt at the same time,a man and a woman exiting a kitchen are entering a kitchen,just because two men are fighting doesn't mean they are soldiers,the man cannot be kneeling down and crashed a plane simultaneously,the woman cannot be naked and wearing a dress at the same time,the man in the blue shirt is not eating a hotdog. he is clearly playing an instrument because you can see the case sitting next to him and you can see the stand in front of him,if the people are exiting and entering thne they exit and enter,there is nothing in the picture to indicate the two men are soldiers and in fact the two men appear to be the same person,nothing in the photo indicates a crashed plane,a dress covers your naked body,entailment,contradiction,entailment,entailment,entailment,neutral,neutral,contradiction,neutral,neutral,2881378816.jpg%233r1n.jpg,415604639.jpg%231r1e.jpg,3201517121.jpg%230r1n.jpg,4917931600.jpg%233r1n.jpg,21514026.jpg%234r1c.jpg
70,2760,2819,11703,3376,10295,1580159719.jpg#0r1e,2584487952.jpg#4r1e,7610186624.jpg#2r1n,1546632452.jpg#0r3e,4941418090.jpg#0r1n,There is music being played.,The dog is outside.,The girl can't wait to eat.,The boy is moving up and down.,A woman is preparing to play music.,entailment,entailment,neutral,entailment,entailment,entailment,entailment,neutral,entailment,entailment,a group of young people are listening to music,a dog is outside in a grassy field,a girl cutting a sandwich does not imply that she can't wait to eat,jumping is moving up and down,a woman is preparing to play music by playing the guitar,music is being played because a guitar and violin make music,grass is usually seen outside,the girl may be hungry but she may also be able to wait to eat,bouncing almost the same as moving up and down,it appears as though this woman is preparing to play music because she has her hands on the knobs as she tunes the guitar,contradiction,contradiction,entailment,contradiction,contradiction,neutral,neutral,contradiction,neutral,neutral,1580159719.jpg%230r1e.jpg,2584487952.jpg%234r1e.jpg,7610186624.jpg%232r1n.jpg,1546632452.jpg%230r3e.jpg,4941418090.jpg%230r1n.jpg
75,4296,595,5643,2259,5720,2923086298.jpg#2r1e,4692725862.jpg#1r1c,2763090857.jpg#2r1e,558338473.jpg#1r1e,5504963988.jpg#4r1e,The woman is cleaning.,Two boys are eating lunch in the pool.,A human smiling,Two men practice martial arts together,The workers of Asian descent can be seen working hard.,entailment,contradiction,entailment,entailment,entailment,entailment,contradiction,entailment,entailment,entailment,vacuuming is a form of cleaning,the boys cannot be eating lunch and swimming simultaneously,a woman is a human,two men practice martial arts together is part of the overall description of them practicing in a gym,the workers are working hard because they are preparing fish,vacuuming is a form of cleaning a floor,the two boys can not play in the pool and eat lunch in the pool at the same time,a woman is a human and she can smile,"if they are practicing karate moves, they are practicing martial arts, since karate is a martial art","the workers are asian and therefore of asian descent; if they are working hard, they can be seen to be working hard",contradiction,entailment,contradiction,contradiction,contradiction,neutral,neutral,neutral,neutral,neutral,2923086298.jpg%232r1e.jpg,4692725862.jpg%231r1c.jpg,2763090857.jpg%232r1e.jpg,558338473.jpg%231r1e.jpg,5504963988.jpg%234r1e.jpg
80,7147,14469,7854,4782,13233,1053116826.jpg#0r5e,4694894610.jpg#1r1n,2678171436.jpg#3r1c,4803984649.jpg#3r1c,473323374.jpg#4r1n,Two children are sitting outside.,A man performs where has does everyday.,The man is working on top of a bridge.,A man is chasing dogs.,The child wants to be fed.,entailment,neutral,contradiction,contradiction,neutral,entailment,neutral,contradiction,contradiction,neutral,the children are sitting in the grass so they must be outside,a man playing a guitar on the sidewalk does not imply that he performs everyday,the man cannot be digging a hole and working on top of a bridge simultaneously,the man cannot simultaneously be standing and chasing dogs,a child crying does not imply that the child wants to be fed,children who sit on the grass are sitting outside,"the man is performing, it is unclear that it was everyday",the man cannot be on top of the bridge if he is also underneath it,standing and chasing are different kind of actions,it is not clear if the child wants to be fed,contradiction,entailment,entailment,entailment,entailment,neutral,contradiction,neutral,neutral,contradiction,1053116826.jpg%230r5e.jpg,4694894610.jpg%231r1n.jpg,2678171436.jpg%233r1c.jpg,4803984649.jpg%233r1c.jpg,473323374.jpg%234r1n.jpg
85,1774,6864,3845,13549,11738,1234206849.jpg#4r4e,2394003437.jpg#3r1e,3024022266.jpg#1r1e,2852982055.jpg#3r1n,4974263771.jpg#3r1n,Woman covering their heads are posing for a picture.,A boy riding on a motor scooter.,A man at the beach.,They are a family,the adults want to see something,entailment,entailment,entailment,neutral,neutral,entailment,entailment,entailment,neutral,neutral,women are wearing hats,a boy riding a motor scooter is riding a motor scooter,a young boy is a man,just because they are playing in a fountain doesn't mean they are a family,just because the adults are looking at something does not mean they want to see it,women covering their head wearing hats are posing for picture,a segway is a motor scooter,a man could be a young surfer,the relationship of the people in the picture is unclear or if they are a family,nothing is suggesting that they want to see what the girl is doing,contradiction,contradiction,contradiction,entailment,entailment,neutral,neutral,neutral,contradiction,contradiction,1234206849.jpg%234r4e.jpg,2394003437.jpg%233r1e.jpg,3024022266.jpg%231r1e.jpg,2852982055.jpg%233r1n.jpg,4974263771.jpg%233r1n.jpg
90,13539,252,4432,4592,3039,5925539370.jpg#3r1n,2905200744.jpg#1r1e,3368569524.jpg#3r1c,3354474353.jpg#2r1e,1378557186.jpg#0r1c,A young overweight baseball pitcher throwing a fastball in a game.,The people pictured are wearing protective head gear.,Girls are playing football.,A pair of dogs outside.,The man is looking through binoculars,neutral,entailment,contradiction,entailment,contradiction,neutral,entailment,contradiction,entailment,contradiction,a baseball pitcher throwing a fastball is not assumed to be overweight,helmets are protective head gear,basketball and football are different sports,two dogs are a pair of dogs and snow is outside,the man cannot be aiming a gun and looking through binoculars simultaneously,no way to tell if the pitch is a fastball,helmets are protective head gear,ones can be playing either basketball or football,two dogs are a pair,one cannot be aiming to shoot something and looking through binoculars simultaneously,entailment,contradiction,entailment,contradiction,entailment,contradiction,neutral,neutral,neutral,neutral,5925539370.jpg%233r1n.jpg,2905200744.jpg%231r1e.jpg,3368569524.jpg%233r1c.jpg,3354474353.jpg%232r1e.jpg,1378557186.jpg%230r1c.jpg
95,12572,11895,6935,4968,11691,4549641134.jpg#0r1n,7012109893.jpg#0r1n,19469520.jpg#2r1c,3209564153.jpg#1r1c,5623287052.jpg#3r1n,A group of elderly people sitting outside,A man is not happy about having to clean the roof.,Men are fighting after a basketball game.,A woman ice skates.,"A man is shopping for his favorite cereal, Cap n Crunch.",neutral,neutral,contradiction,contradiction,neutral,neutral,neutral,contradiction,contradiction,neutral,not all people are elderly,a man cleaning the roof is not assumed to be not happy about having to clean the roof,the men cannot be standing and fighting simultaneously,a man is not a woman,the cereal is not necessarily his favorite,a group of people are sitting outside,"there is a man cleaning the roof, but there is no way to tell whether or not he is happy as we cannot see his face","fighting is the opposite of camaraderie, and basketball is not a kind of race",a man is different from a woman,"a man is shopping in the cereal aisle, but we don't know what he's looking for or that cap n crunch is his favorite",entailment,entailment,entailment,entailment,entailment,contradiction,contradiction,neutral,neutral,contradiction,4549641134.jpg%230r1n.jpg,7012109893.jpg%230r1n.jpg,19469520.jpg%232r1c.jpg,3209564153.jpg%231r1c.jpg,5623287052.jpg%233r1n.jpg
100,5451,11108,5147,7621,5540,3125628091.jpg#3r1e,4876517154.jpg#4r1n,118939364.jpg#1r3c,69830857.jpg#1r1c,3562816250.jpg#4r1c,Someone is smiling.,A member of the church is smoking,A woman is a red sweater is baking a pie.,There is a person walking next to a large snowbank.,A woman laying on the beach.,entailment,neutral,contradiction,contradiction,contradiction,entailment,neutral,contradiction,contradiction,contradiction,a child is someone,a man smoking a cigarette is not assumed to be a member of the church,the woman is either in a brown sweater or a red sweater,a person cannot be walking next to a mountain and a snowbank simultaneously,the woman cannot be kayaking and laying on the beach simultaneously,a smiling child fits the category of someone performing the action of smiling,"a man wears what looks to be a nun's outfit and is smoking a cigarette, but there is no evidence he is a church member",machine and sweater are not same,there is no snowbank in the desert,a woman can't be kayaking and laying,contradiction,entailment,entailment,entailment,entailment,neutral,contradiction,neutral,neutral,neutral,3125628091.jpg%233r1e.jpg,4876517154.jpg%234r1n.jpg,118939364.jpg%231r3c.jpg,69830857.jpg%231r1c.jpg,3562816250.jpg%234r1c.jpg
105,11493,10835,7949,13691,2068,462383841.jpg#3r1n,2731298834.jpg#1r1n,411008311.jpg#4r1c,7252718418.jpg#0r1n,92679312.jpg#3r1n,One sad lady enjoying her flotation device on a clear water beach.,The woman is the children's mother.,A man is jumping over a couch.,girl going to him home run,A father and son are singing a duet.,neutral,neutral,contradiction,neutral,neutral,neutral,neutral,contradiction,neutral,neutral,the lady is not necessarily sad,a woman can be with children without being their mother,the man is either jumping over a couch or a grassy area,a girl swinging a bat at a ball is not assumed to be going to him home run,a man and a boy are not assumed to be father and son,we don't see the lady's face. there is no way of telling if she is sad or feeling any other emotion,we cant assure that the woman is the children's mother,stone wall is not a couch,girl is not guaranteed to get a home run,a man is not necessarily a father nor does the young boy need to be his son,entailment,entailment,entailment,entailment,entailment,contradiction,contradiction,neutral,contradiction,contradiction,462383841.jpg%233r1n.jpg,2731298834.jpg%231r1n.jpg,411008311.jpg%234r1c.jpg,7252718418.jpg%230r1n.jpg,92679312.jpg%233r1n.jpg
110,1107,1300,4534,14493,11584,2853682342.jpg#0r1c,2646540383.jpg#4r1e,2641098920.jpg#0r1c,118939364.jpg#1r4n,7129695767.jpg#2r1n,The man is inside.,A boy is near the water.,A woman has a blue shirt.,The woman is wearing pants.,A man is testing his limits while he climbs his first mountain.,contradiction,entailment,contradiction,neutral,neutral,contradiction,entailment,contradiction,neutral,neutral,the man cannot be inside and in the park at the same time,a boy is near the water because he is sliding down a water slide,the woman is either wearing a white shirt or a blue shirt,not all women wear pants,a man climbing a mountain is not assumed to be testing his limits,running and jumping is not inside,the boy would need to be near water in order to be on the water slide,a white shirt is not blue,"in the image, the woman is sewing a clothe. it is not possible indentify",the man is climbing a mountain but not sure if it's his first mountain,entailment,contradiction,entailment,entailment,entailment,neutral,neutral,neutral,contradiction,contradiction,2853682342.jpg%230r1c.jpg,2646540383.jpg%234r1e.jpg,2641098920.jpg%230r1c.jpg,118939364.jpg%231r4n.jpg,7129695767.jpg%232r1n.jpg
115,4545,1197,13626,3831,9879,2641098920.jpg#2r1c,393043864.jpg#0r1e,116409198.jpg#4r1n,7711598144.jpg#2r1e,3761067976.jpg#4r1n,Two women rest on a bench next to an apple tree.,A basket of produce sit outside.,A man near a tent on a mountainside,A woman is competing.,The young girls holding the basket with the bow is selling flowers.,contradiction,entailment,entailment,entailment,neutral,contradiction,entailment,entailment,entailment,neutral,the women cannot be sitting on a couch and a bench simultaneously,a basket of produce is a type of produce,a man is sitting in the snow near a tent on a mountainside,a woman competing in a martial arts competition is competing,the young girl holding the basket with the bow is not necessarily selling flowers,sofa is different to a bench,an open air market means that it is outside,he is near a tent on a mountain,"if she performs in a martial arts competition, then she is competing",label: neutralexplanation: the young girl is holding a flower and basket but whether or not she's actually selling flowers is hard to tell as the background looks as of indoors,entailment,contradiction,contradiction,contradiction,entailment,neutral,neutral,neutral,neutral,contradiction,2641098920.jpg%232r1c.jpg,393043864.jpg%230r1e.jpg,116409198.jpg%234r1n.jpg,7711598144.jpg%232r1e.jpg,3761067976.jpg%234r1n.jpg
120,2984,6420,5767,6017,12606,3549006919.jpg#2r1c,2618322793.jpg#4r3c,2527411111.jpg#2r1e,3344040145.jpg#4r1c,125635185.jpg#0r5n,A person is sliding down the cliff.,The boy is riding his bike down the street.,A man touches a woman,A woman is sleeping.,The children are playing outdoors because it's nice outside.,contradiction,contradiction,entailment,contradiction,neutral,contradiction,contradiction,entailment,contradiction,neutral,the person cannot be climbing and sliding down the cliff simultaneously,the boy cannot be riding his bike and swinging at the same time,a man and woman are kissing,the woman cannot simultaneously be sleeping and screaming,children can play outside without it being nice outside,the person is either climbing the cliff or sliding down,a boy riding his bike cannot also swing in the air,a man and a woman kissing on a street is to expose their love!,either the woamn is sleeping or skiing,the children are indeed playing outside but we don't know the reason. the temperature may actually be unpleasant,entailment,entailment,contradiction,entailment,entailment,neutral,neutral,neutral,neutral,contradiction,3549006919.jpg%232r1c.jpg,2618322793.jpg%234r3c.jpg,2527411111.jpg%232r1e.jpg,3344040145.jpg%234r1c.jpg,125635185.jpg%230r5n.jpg
125,6383,10874,675,10014,8755,4750766294.jpg#2r1e,421153376.jpg#2r1n,534570169.jpg#2r4c,6647904677.jpg#0r1n,4948403203.jpg#3r1c,A child is reading.,A white dog is chasing a stick.,A person in pajamas.,A group of people a picking up biking as a hobby.,A man is indoors.,entailment,neutral,contradiction,neutral,contradiction,entailment,neutral,contradiction,neutral,contradiction,a girl is a child,just because a dog is running with a rope in its mouth doesn't mean it is chasing a stick,a person cannot be wearing a suit and pajamas simultaneously,just because people are riding bikes doesn't mean they are picking up biking as a hobby,the man cannot be indoors and on the beach at the same time,one child reading means there is a child reading,we cannot see what the dog is chasing,a man is either in a tuxedo or pajamas,it's not clear if they are picking up biking as a hobby it could be a one time thing,one cannot be indoors and outdoors at the beach simultaneously,contradiction,entailment,entailment,entailment,entailment,neutral,contradiction,neutral,contradiction,neutral,4750766294.jpg%232r1e.jpg,421153376.jpg%232r1n.jpg,534570169.jpg%232r4c.jpg,6647904677.jpg%230r1n.jpg,4948403203.jpg%233r1c.jpg
130,14108,6877,6650,832,5781,5123000955.jpg#0r1n,4062259729.jpg#3r1c,316298162.jpg#3r1c,230486268.jpg#1r1e,1097710887.jpg#2r5e,The sign was hand painted.,Man playing drums,A group of businessman ate on the road,The boy is playing in the sand.,A young girl is making bubbles outside.,contradiction,contradiction,contradiction,entailment,entailment,contradiction,contradiction,contradiction,entailment,entailment,the sign cannot be both hand painted and be in the air,the man cannot be playing drums and leaning out of the sailboat simultaneously,the group of businessmen cannot be walking and eating simultaneously,a boy is playing in the sand with a shovel,a young girl is blowing bubbles outside,explanation: there is no sign that is hand painted in this photograph,the man can not be playing drums if he is steering a boat,"if businessmen ate on the road, they are sitting, not walking",digs into the sand is a way of saying playing in the sand,a young girl is making bubble outside. is the same as a small girl blows bubbles,entailment,entailment,entailment,contradiction,contradiction,neutral,neutral,neutral,neutral,neutral,5123000955.jpg%230r1n.jpg,4062259729.jpg%233r1c.jpg,316298162.jpg%233r1c.jpg,230486268.jpg%231r1e.jpg,1097710887.jpg%232r5e.jpg
135,11957,5076,3207,1530,2356,135444196.jpg#1r1n,125635185.jpg#0r3c,7784556300.jpg#0r1c,4971484184.jpg#1r1c,3194533056.jpg#1r1c,A woman is walking down the street to go to her interview.,The children are playing a board game.,They are jogging.,A fully clothed woman poses next to a blue car.,People are sitting in church.,neutral,contradiction,contradiction,contradiction,contradiction,neutral,contradiction,contradiction,contradiction,contradiction,a woman walking down the street is not assumed to be going to an interview,the children cannot be playing a board game and swinging on a barrel at the same time,the people cannot be jogging and riding bikes at the same time,the woman cannot be fully clothed if she is wearing a white dress,the people cannot be sitting and standing at the same time,"the woman is walking down the street, but is in clothing that wold not be suited for an interview, and so she might be going somewhere else",children cannot be playing outdoors and playing a board game at the same time,there are no jogging in a bicycle race,being half naked is not the same as fully clothed,people cannot be dancing and sitting at the same time,entailment,entailment,entailment,entailment,entailment,contradiction,neutral,neutral,neutral,neutral,135444196.jpg%231r1n.jpg,125635185.jpg%230r3c.jpg,7784556300.jpg%230r1c.jpg,4971484184.jpg%231r1c.jpg,3194533056.jpg%231r1c.jpg
140,7902,12614,5328,731,8941,6053720349.jpg#4r1c,1606988704.jpg#4r2n,160566014.jpg#0r5c,3560502528.jpg#1r1c,618771382.jpg#4r1e,man eats hot dog,Three children are visiting a farm.,Two people are reading the newspaper at the park.,Green bike is coated with red colour.,Two girls are standing on front of a flag.,contradiction,neutral,contradiction,contradiction,entailment,contradiction,neutral,contradiction,contradiction,entailment,a baby is not a man,just because the children are in a field doesn't mean they are visiting a farm,the people cannot be sitting on the back of a car and reading the newspaper at the park simultaneously,the bike is either red or green,two girls are standing in front of an american flag,a baby is not a man and a suitcase is not a hot dog,"three children are playing with hay, but we cannot say for sure if it is a farm",sitting on a car is different from reading a newspaper at the park,the bike is either red or green,two girls in front of a flag is the same as two girls in front of a flag,entailment,entailment,entailment,entailment,contradiction,neutral,contradiction,neutral,neutral,neutral,6053720349.jpg%234r1c.jpg,1606988704.jpg%234r2n.jpg,160566014.jpg%230r5c.jpg,3560502528.jpg%231r1c.jpg,618771382.jpg%234r1e.jpg
145,9245,13641,10970,10441,9640,4828433053.jpg#0r3c,48614561.jpg#4r1n,2705922624.jpg#4r1n,1737441377.jpg#0r2n,1558753996.jpg#2r1n,Nobody has shorts.,The crying baby is hungry.,A man taking a video of girls outside for a movie.,The man and his son selling vegetables at a market.,The older man is a musician.,contradiction,neutral,neutral,neutral,entailment,contradiction,neutral,neutral,neutral,entailment,"if nobody has shorts, then the person cannot be wearing shorts",the baby is not necessarily hungry,the man is not necessarily taking a video for a movie,the man and boy are not necessarily selling vegetables at a market,a man playing a guitar is a musician,person is contradictory to nobody,the crying baby is crying for the toy and may not for food,we cant assure that a man taking a video of girls outside for a movie,"though the placement of the seat and wheeled cart suggest selling of vegetables, there is no way for sure to know they are being sold. there is no evidence in the photo of a market and also no way to determine if the boy is the man's son",the man is playing a musical instrument,entailment,entailment,entailment,entailment,contradiction,neutral,contradiction,contradiction,contradiction,neutral,4828433053.jpg%230r3c.jpg,48614561.jpg%234r1n.jpg,2705922624.jpg%234r1n.jpg,1737441377.jpg%230r2n.jpg,1558753996.jpg%232r1n.jpg
150,13821,3775,10331,4974,7378,7003919692.jpg#0r2n,5631556013.jpg#1r1c,4071750215.jpg#4r1n,4347441967.jpg#1r1c,141203926.jpg#4r4c,Black people traverse down a street in search of a store to shop at.,A boy is asleep.,A girl jumps into a pile of leaves after raking.,A young boy is running away screaming.,The husband is alone in the kitchen.,neutral,contradiction,neutral,contradiction,contradiction,neutral,contradiction,neutral,contradiction,contradiction,just because people are walking down a street doesn't mean they are in search of a store to shop at,the boy cannot be jumping and asleep simultaneously,just because a girl is throwing leaves into the air doesn't mean she is raking them,a young boy is either running away screaming or practicing martial arts,the husband is either alone or with his wife,"though there are black people traversing down a street, it is not clear whether they are in search of a store",one cannot leap while asleep,the girl is sitting in leaves. it is unclear if she jumped and whether it was after raking,"the young boy is not running away, he's facing off against a man in a black cape",the woman can not also be the husband,entailment,entailment,entailment,entailment,entailment,contradiction,neutral,contradiction,neutral,neutral,7003919692.jpg%230r2n.jpg,5631556013.jpg%231r1c.jpg,4071750215.jpg%234r1n.jpg,4347441967.jpg%231r1c.jpg,141203926.jpg%234r4c.jpg
155,12474,4662,9217,6686,2490,512309690.jpg#4r1n,4859170265.jpg#1r2e,688926797.jpg#4r1e,3431671749.jpg#0r1c,620595746.jpg#1r1e,A woman performing a concert.,Two blonde women are standing together in public.,A woman is on her feet.,A horse is zooming off with fire coming out of its ass.,a black lady walking on beach between crowd,neutral,entailment,entailment,contradiction,entailment,neutral,entailment,entailment,contradiction,entailment,a woman playing an instrument is not assumed to be performing a concert,two blond women are standing together in public in a crowded area,a woman is on her feet because she is standing,a car is not a horse,a woman is a lady,"the women could be performing a concert, or she could be teaching a music lesson. the photo does not specify",females are women,standing means on feet,a horse is a animal and a car is a machine,walking down a beach crowded implies that she was walking on beach between crowd,entailment,contradiction,contradiction,entailment,contradiction,contradiction,neutral,neutral,neutral,neutral,512309690.jpg%234r1n.jpg,4859170265.jpg%231r2e.jpg,688926797.jpg%234r1e.jpg,3431671749.jpg%230r1c.jpg,620595746.jpg%231r1e.jpg
160,5107,4857,738,8034,11050,20702864.jpg#4r1e,177591612.jpg#0r3c,4948865477.jpg#4r1c,4964794183.jpg#0r1e,3799708677.jpg#2r1n,City workers are working outside.,The men are swimming in the ocean.,The man is enjoying the sun.,A man and two women are in front of a crowd.,Two men are talking about problems.,entailment,contradiction,contradiction,entailment,neutral,entailment,contradiction,contradiction,entailment,neutral,city workers are working outside on the street,the men cannot be doing a handstand and swimming simultaneously,the man cannot be sitting in a folding chair and enjoying the sun at the same time,a man and two women are in front of a crowd because they are in front of a crowd of people,just because two men are talking doesn't mean they are talking about problems,construction workers are jackhammering implies to workers are working outside,the men are either posing or swimming,the man cannot be trying to find shelter from the rain while enjoying the sun at the same time,answer: there are 3 people a man and 2 women in front of a crowd,problems- although they are both talking they could be talking about anythingindeed there are two men,contradiction,entailment,entailment,contradiction,entailment,neutral,neutral,neutral,neutral,contradiction,20702864.jpg%234r1e.jpg,177591612.jpg%230r3c.jpg,4948865477.jpg%234r1c.jpg,4964794183.jpg%230r1e.jpg,3799708677.jpg%232r1n.jpg
165,6326,2349,7369,5335,13344,19469520.jpg#4r1c,2834752476.jpg#1r1e,288038357.jpg#4r1c,4586247564.jpg#1r1c,151215569.jpg#2r4n,The cyclists are all sitting in canoes.,The man is inside.,Man tapdancing on a roof,There is a person walking along a trail in the mountains.,The girl covers the man's eyes with her hand.,contradiction,entailment,contradiction,contradiction,contradiction,contradiction,entailment,contradiction,contradiction,contradiction,cyclists cannot be standing and sitting at the same time,a man sitting on a couch is inside,the man cannot be tapdancing and working on a roof simultaneously,a person cannot be walking along a trail in the mountains and walking along a pier at the same time,the girl cannot be sitting on the man's shoulders and covering the man's eyes at the same time,"if cyclists are sitting in canoes, they do not await the start of a race",the man is inside implies that he is in a room,working and tapdancing is differ in action,"person is either at the ocean or mountains, on a trail or concrete path",the girl has both hands away from his head and does not cover his eyes,entailment,contradiction,entailment,entailment,entailment,neutral,neutral,neutral,neutral,neutral,19469520.jpg%234r1c.jpg,2834752476.jpg%231r1e.jpg,288038357.jpg%234r1c.jpg,4586247564.jpg%231r1c.jpg,151215569.jpg%232r4n.jpg
170,12465,3761,6000,14421,904,2607097757.jpg#4r1n,3799708677.jpg#1r1e,2736263351.jpg#1r1e,6084817815.jpg#3r1e,4549641134.jpg#3r1c,The worker is on his lunch break.,Two monks are going for a stroll.,The man is outside.,People in bright colours dance wildly.,A woman stands by herself outside.,contradiction,entailment,entailment,entailment,contradiction,contradiction,entailment,entailment,entailment,contradiction,the worker cannot be working and on his lunch break simultaneously,walking is a form of stroll,a man is digging in the dirt outside,people in bright colours dance wildly is part of their description in a parade,the woman cannot be sitting and standing at the same time,the worker is at work he cannot said to be at lunch break,going for a stroll means walking along a path,the man is raking soil so he must be outside,they are dancing in a parade in bright color outfits,a crowd is many more people than just a woman,entailment,contradiction,contradiction,contradiction,entailment,neutral,neutral,neutral,neutral,neutral,2607097757.jpg%234r1n.jpg,3799708677.jpg%231r1e.jpg,2736263351.jpg%231r1e.jpg,6084817815.jpg%233r1e.jpg,4549641134.jpg%233r1c.jpg
175,9938,547,12200,9471,1824,5892931627.jpg#0r2n,4397606831.jpg#4r1c,4893369019.jpg#3r1n,4333374998.jpg#0r1c,511749704.jpg#4r1e,The player has just hit a home run,The celebrants are sitting on the ground crying and feeling sad.,The crowd is at a concert.,A child is being held by his mother at the mall.,The little boy is wearing red.,neutral,contradiction,neutral,contradiction,entailment,neutral,contradiction,neutral,contradiction,entailment,just because a player is swinging a bat doesn't mean he just hit a home run,the celebrants cannot be sitting on the ground crying and feeling sad and sitting on a traffic light pole simultaneously,a crowd can be at a concert or at a park,the child cannot be looking out the window and be held by his mother at the mall simultaneously,a little boy is wearing red shirt and helmet,the player is playing baseball an swinging pretty hard to the ball but the ball is not shown and it could be an strike not a home run,"climbing is an energetic, motion filled activity, sitting is a passive activity","the crowd is all looking in the same direction, but i cannot tell if they are watching a concert or not",there are usually not screen doors at the mall,a little boy in red is the same thing as wearing red,entailment,entailment,entailment,entailment,contradiction,contradiction,neutral,contradiction,neutral,neutral,5892931627.jpg%230r2n.jpg,4397606831.jpg%234r1c.jpg,4893369019.jpg%233r1n.jpg,4333374998.jpg%230r1c.jpg,511749704.jpg%234r1e.jpg
180,1325,12432,1345,6389,3574,6647904677.jpg#0r1c,582788646.jpg#3r4n,7498713846.jpg#0r1c,289639811.jpg#0r1c,3996889070.jpg#3r1e,A group of dogs on scooters.,The boy is on vacation with his family.,A guy caught a tire while out fishing,Men play hockey in a stadium.,The deer was near the girl.,contradiction,neutral,contradiction,contradiction,entailment,contradiction,neutral,contradiction,contradiction,entailment,the group of people cannot be dogs,just because a boy is at the beach doesn't mean he is on vacation with his family,the man cannot be hugging and fishing simultaneously,soccer and hockey are different sports,the deer is near the girl because the girl is petting a deer,a group of people are not a group of dogs,could be in vacation,"if a man has his hand on the back of a main, it cannot be claimed that he has caught a tire",the men are either playing soccer or they play hockey,girl reaches out to pet a deer.which means deer was near the girl,entailment,entailment,entailment,entailment,contradiction,neutral,contradiction,neutral,neutral,neutral,6647904677.jpg%230r1c.jpg,582788646.jpg%233r4n.jpg,7498713846.jpg%230r1c.jpg,289639811.jpg%230r1c.jpg,3996889070.jpg%233r1e.jpg
185,6601,13249,10030,1123,11008,2908493594.jpg#1r1c,6927848734.jpg#0r1n,4925573161.jpg#1r3n,2313598755.jpg#2r1e,2446830166.jpg#3r1n,A person standing on top of a bench,The man is a cab driver just finishing his shift as darkness falls on London.,A man rides a bike in a cycling contest.,The people are inside,The man on stilts is a performer at a party.,contradiction,neutral,neutral,entailment,neutral,contradiction,neutral,neutral,entailment,neutral,the person cannot be both laying down and standing at the same time,just because a man is driving a car doesn't mean he is a cab driver,a man riding a bike is not assumed to be in a cycling contest,a man and a child are people,a man on stilts is not assumed to be a performer at a party,a person cannot stand on a bench if they are sleeping on a bench,"it is not possible to know if the man is a taxi driver and, much less, if his shift has just finished",there is no evidence of a contest,people cuddling inside,while the man is on stilts there is no sign of a party,entailment,entailment,entailment,contradiction,entailment,neutral,contradiction,contradiction,neutral,contradiction,2908493594.jpg%231r1c.jpg,6927848734.jpg%230r1n.jpg,4925573161.jpg%231r3n.jpg,2313598755.jpg%232r1e.jpg,2446830166.jpg%233r1n.jpg
190,61,10928,1501,7547,4227,5925544950.jpg#0r1c,5526795355.jpg#4r1n,2922807898.jpg#4r1c,4480923732.jpg#4r1e,45334151.jpg#1r1e,A boy is swimming in a lake.,A man is performing at a concert.,The dog never left the ground.,A man with a baby with a phone in other hand.,A woman reads a book.,contradiction,neutral,contradiction,entailment,entailment,contradiction,neutral,contradiction,entailment,entailment,a girl is not a boy,a man playing a violin is not assumed to be performing at a concert,the dog cannot be jumping if it never left the ground,a man with a baby is holding a cellphone,a woman reads a book is part of the overall description of her reading a book,"a girl is not a boy, and fishing is not swimming","we know he's performing , but we don't know it's at a concert",the dog either leaps in the air or the dog never left the ground but not both at the same time,a cellphone is a kind of phone,"a woman in a colorful shirt reads a book, so a woman reads a book",entailment,entailment,entailment,contradiction,contradiction,neutral,contradiction,neutral,neutral,neutral,5925544950.jpg%230r1c.jpg,5526795355.jpg%234r1n.jpg,2922807898.jpg%234r1c.jpg,4480923732.jpg%234r1e.jpg,45334151.jpg%231r1e.jpg
195,10347,9608,527,11300,10696,3403263046.jpg#3r1n,637245791.jpg#3r1n,141841337.jpg#0r3c,3189464563.jpg#0r3n,3036894037.jpg#1r1n,The woman just got drafted to the WNBA.,A child is playing.,A man in a suit puts his foot under his back.,A woman with big earrings is happily holding up her prize ticket.,Two soldiers order an elderly warlord to surrender.,neutral,entailment,contradiction,neutral,contradiction,neutral,entailment,contradiction,neutral,contradiction,just because a woman is playing basketball doesn't mean she just got drafted to the wnba,a child playing with a toy is playing,a man cannot be wearing a gray sweatshirt and a suit simultaneously,the woman is not necessarily happily holding up her prize ticket,the soldiers cannot be waiting for someone and order someone to surrender simultaneously,cant assure the woman just got drafted to the wnba,the child is playing with a green toy,"a man wearing a suit is not wearing a sweatshirt, jeans and socks",we cant assure that a woman with big earrings is happily holding up her prize ticket,the two soldier are near an elderly man. they are not looking at him or paying him any attention. there is no indication that he is a warlord or that the soldiers have ordered his surrender,entailment,contradiction,entailment,entailment,entailment,contradiction,neutral,neutral,contradiction,neutral,3403263046.jpg%233r1n.jpg,637245791.jpg%233r1n.jpg,141841337.jpg%230r3c.jpg,3189464563.jpg%230r3n.jpg,3036894037.jpg%231r1n.jpg
200,9679,3848,9026,4983,7553,4444686770.jpg#1r1n,4050916276.jpg#1r1c,4005756399.jpg#4r1e,3809758561.jpg#0r3e,4549641134.jpg#4r1c,The fisherpeople have hiked to the lake.,The toddler is sitting in a chair at the table.,A man is selling items on the street.,a man stands by a booth,The people are standing inside.,neutral,contradiction,entailment,entailment,contradiction,neutral,contradiction,entailment,entailment,contradiction,just because they are fishing doesn't mean they have hiked to the lake,the toddler cannot be sitting and playing at the same time,a man selling items on the street is part of the overall description of him selling balloons and other items on the street,a man stands by a booth is part of the overall description of him in front of a booth,the people cannot be sitting and standing simultaneously,"it is unclear how these people reached this location; they could have hiked, or they could have driven, or perhaps they swam, or maybe the arrived on some sort of watercraft",one cannot be sitting in a chair and using a stick to poke,the man continues selling various items on the street,a man stainding by a vending booth is the same as a man standing by a booth,the people cannot be both seated and standing. the people cannot be both outdoors and inside,entailment,entailment,contradiction,contradiction,entailment,contradiction,neutral,neutral,neutral,neutral,4444686770.jpg%231r1n.jpg,4050916276.jpg%231r1c.jpg,4005756399.jpg%234r1e.jpg,3809758561.jpg%230r3e.jpg,4549641134.jpg%234r1c.jpg
205,8403,4012,3778,4401,12464,281658181.jpg#1r1e,4935046155.jpg#2r1n,5631556013.jpg#0r1c,2256447557.jpg#2r1e,39024981.jpg#0r1n,A female athlete is vaulting.,The street is busy.,a boy can't swim,More than one woman are chatting.,Two happy women wearing pink T-shirts and blue jeans converse outside clothing store.,entailment,entailment,contradiction,entailment,neutral,entailment,entailment,contradiction,entailment,neutral,a female athlete is a female athlete,a busy street is busy because there are cars and trucks on the street,the boy can't swim if he is jumping into the water,three women are more than one woman,not all women are happy,"if he attempts a vault, he must be vaulting next","a busy street is a street with several cars, trucks and people",a boy wouldnt hold his nose and jump in water if he cant swim,if women are chatting then more than one woman are chatting,two women are standing outside a clothing store and talking however they are smoking as well and the emotion is of being happy is hard to see,contradiction,contradiction,entailment,contradiction,entailment,neutral,neutral,neutral,neutral,contradiction,281658181.jpg%231r1e.jpg,4935046155.jpg%232r1n.jpg,5631556013.jpg%230r1c.jpg,2256447557.jpg%232r1e.jpg,39024981.jpg%230r1n.jpg
210,5813,243,12691,14217,689,4694894610.jpg#3r1c,6870444330.jpg#3r1e,3362080042.jpg#0r1n,2176874361.jpg#2r1n,241347243.jpg#3r1e,A cat is drinking milk.,A man is standing.,Two men playing baseball.,A dog and cow are playing with hay.,The players are on a football field,contradiction,entailment,entailment,neutral,entailment,contradiction,entailment,entailment,neutral,entailment,a cat is not a man,a man is standing in front of an audience,two men playing baseball are the same as two men playing baseball,a dog and cow running in a fenced area does not imply that they are playing with hay,football players are on a football field,an older man is not a cat,"if a man is standing with a microphone, then the man is standing","based on the men's attire, it is reasonable to assume that they are playing baseball","a dog and cow are interacting; however, it is unclear whether they are fighting or playing",answer: line of scrimmage tells its a field,entailment,contradiction,contradiction,entailment,contradiction,neutral,neutral,neutral,contradiction,neutral,4694894610.jpg%233r1c.jpg,6870444330.jpg%233r1e.jpg,3362080042.jpg%230r1n.jpg,2176874361.jpg%232r1n.jpg,241347243.jpg%233r1e.jpg
215,12980,12588,7970,1094,2461,509987636.jpg#4r1n,16396205.jpg#1r2n,154653766.jpg#1r5e,3515451715.jpg#1r1c,4368362518.jpg#2r1e,A man near a painting.,A small group of men are barbecuing sausages.,Teenagers stand near a bank.,Mother eathing a dinner iwht her children.,Musician playing guitar for people.,entailment,entailment,entailment,contradiction,entailment,entailment,entailment,entailment,contradiction,entailment,a man is near a painting,three men are a small group of men,teenagers are young men,the mother cannot be playing with her children and eating a dinner at the same time,a man is a musician,the image depicts a man sitting near a painting,there is a group of men in front of a grill with sausages barbaquing,if they are outside a wells fargo bank then they have to be near the bank,a mother cant eat dinner at the park while her children are on swings,a man playing the guitar can be an musician and and people can gather is a small group,contradiction,contradiction,contradiction,entailment,contradiction,neutral,neutral,neutral,neutral,neutral,509987636.jpg%234r1n.jpg,16396205.jpg%231r2n.jpg,154653766.jpg%231r5e.jpg,3515451715.jpg%231r1c.jpg,4368362518.jpg%232r1e.jpg
220,455,5060,8351,12262,8283,4563177695.jpg#1r1e,4890932738.jpg#2r1e,1016887272.jpg#0r1c,2949337912.jpg#2r1n,2517489722.jpg#1r3e,The two people are sitting down.,A human being travels to its destination.,The rock turned into a beast and ate the people.,A man is participating in a surfing contest.,A man is walking outside,entailment,entailment,contradiction,neutral,entailment,entailment,entailment,contradiction,neutral,entailment,two workers are two people,a person is a human,the rock cannot be both a beast and a climber,just because a man is surfing doesn't mean he is participating in a surfing contest,a man walking outside is part of the overall description of him walking along a path by a river,two people in yellow vests refers to the two people. sit in front of gates refers to sitting down,a person travels along hallway of stone archways,climbers are not rocks at the same time,i see a man surfing but i see no indiction that he is in a contest,the man is walking in the woods and the woods are outside,contradiction,contradiction,entailment,entailment,contradiction,neutral,neutral,neutral,contradiction,neutral,4563177695.jpg%231r1e.jpg,4890932738.jpg%232r1e.jpg,1016887272.jpg%230r1c.jpg,2949337912.jpg%232r1n.jpg,2517489722.jpg%231r3e.jpg
225,8737,8615,7330,13705,5631,2174648405.jpg#0r1e,137444523.jpg#2r3e,1285874746.jpg#2r3e,2768972186.jpg#4r1n,2327240505.jpg#1r1e,women are working together,A man is walking outside at night.,The girl is wearing a blue dress.,The dogs are just playing with each other.,The girl and boy are playing.,entailment,entailment,entailment,neutral,entailment,entailment,entailment,entailment,neutral,entailment,two women are women and they are working together,a man is walking outside at night in a green shirt,a girl in a blue dress is wearing a blue dress,just because the dogs are playing doesn't mean they are playing with each other,the girl and boy are playing because they are playing with a streamer,the women working the assembly line are working together,the man is on a sidewalk so that implies he is outside,"if a girl is described as being ""in a blue dress"", it can be assumed that she is wearing a blue dress",dogs are not just playing with each other because it looks like the big brown dog is biting on the white dog's tail,swings a toy shows that one is playing,contradiction,contradiction,contradiction,entailment,contradiction,neutral,neutral,neutral,contradiction,neutral,2174648405.jpg%230r1e.jpg,137444523.jpg%232r3e.jpg,1285874746.jpg%232r3e.jpg,2768972186.jpg%234r1n.jpg,2327240505.jpg%231r1e.jpg
230,1170,2810,12380,8373,2080,1303727066.jpg#2r3c,393043864.jpg#1r1e,135444196.jpg#0r2n,3597715122.jpg#3r1e,4632869465.jpg#0r1e,The man is wearing a plain shirt.,There is a selection of produce for sale.,An African American in a red top and white and brown skirt walks in front of a man in a blue shirt.,A group waits in line.,A girl holds her diploma.,contradiction,entailment,neutral,entailment,entailment,contradiction,entailment,neutral,entailment,entailment,the man is either wearing a plain shirt or a peace sign shirt,a selection of produce is a type of produce,the man is not necessarily wearing a blue shirt,a group of men are waiting in line in front of an ice cream shop,a girl holds her diploma is part of the overall description of her holding a diploma,plain is different than peace sign,fruits and vegetables are types of produce. a wide variety indicates a selection to choose form,"the long maxi cotton skirts and wraparounds with the traditional prints, floral prints, multicoloured skirts are usually worn with blue, white or black plain tank tops",people usually waits in stand,holds is another form of holding,entailment,contradiction,entailment,contradiction,contradiction,neutral,neutral,contradiction,neutral,neutral,1303727066.jpg%232r3c.jpg,393043864.jpg%231r1e.jpg,135444196.jpg%230r2n.jpg,3597715122.jpg%233r1e.jpg,4632869465.jpg%230r1e.jpg
235,1191,1467,9857,2051,4149,19469520.jpg#0r1c,4941418090.jpg#2r1c,3046312861.jpg#2r2n,4817804359.jpg#1r3c,2657844508.jpg#4r1c,The red carpet ceremony is just getting underway.,A woman is sleeping.,A girl is getting ready for a tournament in gymnastics.,Two people taking pictures in a wide open field with nobody else around.,A couple drink beer.,contradiction,contradiction,neutral,contradiction,contradiction,contradiction,contradiction,neutral,contradiction,contradiction,the ceremony cannot be both a bicycle race and a red carpet ceremony,the woman cannot be sleeping and playing the guitar simultaneously,just because a girl is on a pole does not mean she is getting ready for a tournament,the people cannot be in a wide open field and a street at the same time,wine is not beer,"if there are competitors getting ready to compete in a grand opening event, then it is not a red carpet ceremony",you cannot play a guitar and be sleeping at the same time,the girl is doing gymnastics but there's no way tell if she is getting ready for a tournament or not,the two people can not be in a crowd taking pictures while being in an open field with no one around at the same time,"one is the action of currently drinking wine, where as the other is just a random vague statement that they drink beer, but are not necessarily drinking at the moment. also wine and beer are to very different types of liquor",entailment,entailment,entailment,entailment,entailment,neutral,neutral,contradiction,neutral,neutral,19469520.jpg%230r1c.jpg,4941418090.jpg%232r1c.jpg,3046312861.jpg%232r2n.jpg,4817804359.jpg%231r3c.jpg,2657844508.jpg%234r1c.jpg
240,14223,8381,826,8707,10419,2517489722.jpg#2r1n,2910885196.jpg#1r1c,230486268.jpg#0r1e,3240637051.jpg#1r1e,4686568156.jpg#3r1n,A girl is a good climber.,The man with no shirt chases a giant cake with an electric knife.,a boy holds a shovel,The musician is performing for people.,The couple is in love.,neutral,contradiction,entailment,entailment,neutral,neutral,contradiction,entailment,entailment,neutral,just because a girl is climbing doesn't mean she is a good climber,the man cannot simultaneously be wearing a blue shirt and not be wearing a shirt,a boy is a young boy,a musician is performing for people because he is playing a drum,just because a couple is kissing doesn't mean they are in love,"we cannot tell if she is a good climber, she may be terrible at climbing",he can't have no shirt and a blue shirt,both boys hold a plastic shovel,the girl is performing by singing and playing drums,"although it is a sweet image, it's not clear they are a couple or in love",entailment,entailment,contradiction,contradiction,entailment,contradiction,neutral,neutral,neutral,contradiction,2517489722.jpg%232r1n.jpg,2910885196.jpg%231r1c.jpg,230486268.jpg%230r1e.jpg,3240637051.jpg%231r1e.jpg,4686568156.jpg%233r1n.jpg
245,9570,11361,5114,10951,5029,3367399.jpg#0r1c,3298573714.jpg#0r1n,7117115809.jpg#2r1c,6156276992.jpg#4r1n,2577972703.jpg#1r1e,A man is playing video games at his house.,She is going for a walk,A woman is cooking.,A short man using camera outside.,A girl is dirty.,contradiction,entailment,contradiction,neutral,entailment,contradiction,entailment,contradiction,neutral,entailment,the man cannot be at his house and at a gas station at the same time,a woman is a she,the woman cannot be cooking and painting at the same time,not all men are short,a girl is dirty because she is dirty because she is dirty with a dirty face,the person can't be at his house and at a gas station at the same time,"the is a women (she) who is walking her dog on a leash. hence, she is going for a walk (while walking her dog)",one woman is painting while the other is cooking,there is no way to know whether the man is short or not,with dirt implies she is dirty,entailment,contradiction,entailment,entailment,contradiction,neutral,neutral,neutral,contradiction,neutral,3367399.jpg%230r1c.jpg,3298573714.jpg%230r1n.jpg,7117115809.jpg%232r1c.jpg,6156276992.jpg%234r1n.jpg,2577972703.jpg%231r1e.jpg
250,4023,5080,9060,8648,13535,2515822745.jpg#1r1c,125635185.jpg#2r5c,3326249355.jpg#4r1c,3351586010.jpg#0r1c,2923086298.jpg#1r1n,The dark haired man is unassembling the microphone and the dark haired woman throws her papers in the air.,Two children are sleeping.,A couple hugging each other on a building.,a skater sleeping on a couch ouside near the local gym,A woman is in her kitchen.,contradiction,contradiction,contradiction,contradiction,entailment,contradiction,contradiction,contradiction,contradiction,entailment,the man cannot be reading and unassembling the microphone simultaneously,the children cannot be sleeping and playing at the same time,a couple cannot be hugging each other on a building and leaning against a wooden sign at the same time,the skater cannot be sleeping and skating at the same time,a woman is in her kitchen because she is cleaning the kitchen,can't be unassembling and speaking the same time,two children cannot be sleeping and playing simultaneously,a couple standing is performing a different action as a hugging couple,he is either in the local gym or skates over the pavement,this woman is barefoot in a kitchen which indicates that it is probably her own,entailment,entailment,entailment,entailment,contradiction,neutral,neutral,neutral,neutral,neutral,2515822745.jpg%231r1c.jpg,125635185.jpg%232r5c.jpg,3326249355.jpg%234r1c.jpg,3351586010.jpg%230r1c.jpg,2923086298.jpg%231r1n.jpg
255,2019,1956,2845,8267,12130,3373544964.jpg#3r1c,2549946671.jpg#2r1c,3640348910.jpg#1r1e,6152180229.jpg#3r1e,7498713846.jpg#3r1n,Boy is pooping on the dog.,A girl is doing jumping jacks,The skateboarder is on a ramp near a painting.,People showing off a beverage.,The man is a Christian.,contradiction,contradiction,entailment,entailment,neutral,contradiction,contradiction,entailment,entailment,neutral,the boy cannot be pooping on the dog if he is petting it,a boy is not a girl,a skateboarder is on a ramp near a painting,three people are people,not all men are christian,one can't stand while pooping,a boy can not be a girl,when a skateboarder is on a ramp that means he/she is riding the ramp,drink can also be called as beverages,one would assume that since the man is praying he is a christian but there is no way of telling what religion he represents,entailment,entailment,contradiction,contradiction,entailment,neutral,neutral,neutral,neutral,contradiction,3373544964.jpg%233r1c.jpg,2549946671.jpg%232r1c.jpg,3640348910.jpg%231r1e.jpg,6152180229.jpg%233r1e.jpg,7498713846.jpg%233r1n.jpg
260,7222,5012,9296,1930,4445,2683823978.jpg#4r1c,2700788458.jpg#0r1c,2313551145.jpg#1r1e,3461041826.jpg#0r1e,172097783.jpg#3r1e,Two girls wash their feet.,A man wearing a dress sings with a woman.,There is a Coca-Cola sign on a building.,A white dog outside.,A boy on the lake.,contradiction,contradiction,entailment,entailment,entailment,contradiction,contradiction,entailment,entailment,entailment,the girls cannot wash their feet and fix their bikes at the same time,the man is either wearing a dress or a white t-shirt,a coca cola sign is on a building,a dog splashing in a river must be outside,a boy is a young man,girls who wash their feet cannot be working on their bicycles,a shirt is not a dress,the coca-cola sign is on the building,a white dog splashing in an outdoor stream implies the dog is outside,it states the boy is on the lake in both of them,entailment,entailment,contradiction,contradiction,contradiction,neutral,neutral,neutral,neutral,neutral,2683823978.jpg%234r1c.jpg,2700788458.jpg%230r1c.jpg,2313551145.jpg%231r1e.jpg,3461041826.jpg%230r1e.jpg,172097783.jpg%233r1e.jpg
265,8484,13069,1174,6523,7451,6066650935.jpg#1r1e,4439654945.jpg#2r3n,4606522320.jpg#2r1c,3449114979.jpg#3r1e,4677535056.jpg#1r1e,"Two people riding on contraptions with two wheels apiece, along a path containing other passersby.",A boy grins because he's in a crowd of people.,The men are wearing blue caps,The children are learning.,a man stands next to a taxi,entailment,neutral,contradiction,entailment,entailment,entailment,neutral,contradiction,entailment,entailment,"two people riding on contraptions with two wheels apiece, along a path containing other passersby is part of the overall description of them riding bikes down a road",a boy smiling doesn't mean he's in a crowd of people,the caps are either red or blue,the children are learning because they are in a classroom,a man stands next to a taxi is part of the overall description of him in front of a taxi,man and a woman implies two people,the picture does not indicate that the boy grins because he is in a crowd of people,men are in red caps cannot be wearing blue caps,the children learning are holding slates in classroom,the man next to the taxi is standing,contradiction,entailment,entailment,contradiction,contradiction,neutral,contradiction,neutral,neutral,neutral,6066650935.jpg%231r1e.jpg,4439654945.jpg%232r3n.jpg,4606522320.jpg%232r1c.jpg,3449114979.jpg%233r1e.jpg,4677535056.jpg%231r1e.jpg
270,2211,5880,10287,11470,8776,4712411908.jpg#1r1c,345284642.jpg#2r1e,3201517121.jpg#2r1n,3081330705.jpg#0r1n,95795877.jpg#3r1e,The woman is running down a dirt road.,There is a dog in a field,twins in long shirts are having a confrontation.,The man is currently in Alaska.,The man is not talking.,contradiction,entailment,neutral,neutral,entailment,contradiction,entailment,neutral,neutral,entailment,the woman cannot be running and standing simultaneously,a dog running through a field must be in a field,two men are not assumed to be twins,not all mountains are in alaska,the man is not talking because he is sleeping,"stretching & running are different activities. a round platform, & a dirt road, are different locations",the dog is black and the field is snowy,we cant assure that twins in long shirts are having a confrontation,we cant assure that the man is currently in alaska,sleeping means that you are not talking,entailment,contradiction,entailment,entailment,contradiction,neutral,neutral,contradiction,contradiction,neutral,4712411908.jpg%231r1c.jpg,345284642.jpg%232r1e.jpg,3201517121.jpg%232r1n.jpg,3081330705.jpg%230r1n.jpg,95795877.jpg%233r1e.jpg
275,6253,9767,8741,13072,983,506082695.jpg#2r1c,3691394196.jpg#4r1n,4614358086.jpg#2r1c,2409312675.jpg#4r1n,7330749240.jpg#3r1c,Three bears eat lettuce in the woods.,The man is clearing his throat.,A policeman is driving away from the site of a protest.,A truck drives up a muddy hill after a storm.,The trucks are racing around the track.,contradiction,contradiction,contradiction,neutral,contradiction,contradiction,contradiction,contradiction,neutral,contradiction,there can be either two or three people. they can be either climbing or eating lettuce,the man cannot be juggling and clearing his throat simultaneously,the policeman cannot be driving away and standing at the same time,a truck can drive up a hill without it being after a storm,the cars cannot be trucks,two women aren't three bears,"to clear a throat, more than usually one's lips/mouth are/is closed. this man is not clearing his throat",either the policeman watches protesters or is driving away from the protest. he cannot do both simultaneously,"the truck may be driving after a storm, but we don't know for sure",cars and trucks are not the same thing,entailment,entailment,entailment,entailment,entailment,neutral,neutral,neutral,contradiction,neutral,506082695.jpg%232r1c.jpg,3691394196.jpg%234r1n.jpg,4614358086.jpg%232r1c.jpg,2409312675.jpg%234r1n.jpg,7330749240.jpg%233r1c.jpg
280,12079,1882,3952,10211,6872,2910885196.jpg#2r1n,3024022266.jpg#4r2c,3310851569.jpg#3r1e,3134644844.jpg#4r1n,3036894037.jpg#2r1c,The cake is a birthday cake.,the boy is on the moon,A group of people are on stage.,A tall person playing guitar.,Two cops are sleeping on the streets.,neutral,contradiction,entailment,neutral,contradiction,neutral,contradiction,entailment,neutral,contradiction,not all cakes are birthday cakes,the boy cannot be on the moon and surfing at the same time,a woman and two men are a group of people,not all men are tall,the cops cannot be sleeping and standing at the same time,"i am unable to ascertain that the cake is in fact a birthday cake. i don't believe it to be one, and i think it is unclear exactly what this cakes designation is",it is not possible to surf as it requires water and there is not a body of water on the moon,four people constitutes a group of people,i can not see if he's a tall person playing the guitar,two police officers cannot be sleeping while they are patrolling the streets,entailment,entailment,contradiction,entailment,entailment,contradiction,neutral,neutral,contradiction,neutral,2910885196.jpg%232r1n.jpg,3024022266.jpg%234r2c.jpg,3310851569.jpg%233r1e.jpg,3134644844.jpg%234r1n.jpg,3036894037.jpg%232r1c.jpg
285,9847,4280,9806,10143,6827,3597715122.jpg#0r1n,314800643.jpg#0r1c,4712411908.jpg#0r3n,3553056438.jpg#2r1n,549520317.jpg#2r1e,A group of student standing outside of ice cream place.,A girl looks past the camera at her sister,a lady does stretching exercises on top of a concrete sphere with an 18th century building backdrop surrounding the sphere while shes filmed for a movie,The kids are siblings,A child in a crimson coat cavorts outside.,neutral,contradiction,neutral,neutral,entailment,neutral,contradiction,neutral,neutral,entailment,the people are not necessarily student,a boy is not a girl,a lady stretching on top of a concrete sphere with an 18th century building backdrop surrounding the sphere does not imply that shes filmed for a movie,not all kids are siblings,a child in a red coat is a child in a crimson coat,"we cannot confirm the subjects are students, only that they are outside of an ice cream place",a man who looks past the camera cannot be a girl,"we cant assure that, it was an 18 th century building and she was filmed for a movie",the two kids may not be siblings. they could be friends,plays outside is the same as if someone cavorts outside,entailment,entailment,entailment,entailment,contradiction,contradiction,neutral,contradiction,contradiction,neutral,3597715122.jpg%230r1n.jpg,314800643.jpg%230r1c.jpg,4712411908.jpg%230r3n.jpg,3553056438.jpg%232r1n.jpg,549520317.jpg%232r1e.jpg
290,7838,4214,10262,8546,125,7796487260.jpg#1r1e,118939364.jpg#0r1e,1313961775.jpg#3r1n,4145119743.jpg#0r1c,456299217.jpg#3r5c,The women are dancing.,The woman is using the sewing machine.,A little girl enjoys her summers at the lake,The people are outside playing volleyball.,There is a boy watching TV in his living room.,entailment,entailment,neutral,contradiction,contradiction,entailment,entailment,neutral,contradiction,contradiction,the women are dancing because they are dancing in a skate park,a woman is using a sewing machine to sew,just because a girl is floating in the lake doesn't mean she enjoys summers at the lake,the people cannot be in a store and outside playing volleyball simultaneously,the boy cannot be sitting on a fountain and watching tv in his living room simultaneously,women are beautiful,when a person is sewing on a sewing machine then you are using a sewing machine,we do not know if this is a lake,one can not be outside playing and at a store checkout simultaneously,he refers to a girl and not a boy,contradiction,contradiction,entailment,entailment,entailment,neutral,neutral,contradiction,neutral,neutral,7796487260.jpg%231r1e.jpg,118939364.jpg%230r1e.jpg,1313961775.jpg%233r1n.jpg,4145119743.jpg%230r1c.jpg,456299217.jpg%233r5c.jpg
295,3717,12012,202,5904,5509,3279228339.jpg#1r1c,1286805224.jpg#1r1n,4752721674.jpg#1r1e,2700788458.jpg#3r1e,21514026.jpg#1r1c,A woman drinks a glass of milk.,A woman is smiling to the cute dog she saw outside.,Cameras hidden behind a barricade.,A man and woman are wearing shorts.,The man is just waking up from sleeping.,contradiction,neutral,entailment,entailment,contradiction,contradiction,neutral,entailment,entailment,contradiction,a man is not a woman,a woman smiling outside a shop is not assumed to be smiling to the cute dog she saw outside,cameras are hidden behind a barricade is part of the overall description of the scene,a man and woman are wearing shorts because they are wearing shorts,a man cannot be standing and waking up at the same time,there either has to be a man or a woman,the woman is smiling but there is no evidence that a dog is the reason,"cameras implies a ""group of cameras"".if the cameras are recording from behind the barricade then they would be hidden behind the barricade",people in a wooded area would be wearing something,you cannot be ready to sit down if you are just waking up,entailment,entailment,contradiction,contradiction,entailment,neutral,contradiction,neutral,neutral,neutral,3279228339.jpg%231r1c.jpg,1286805224.jpg%231r1n.jpg,4752721674.jpg%231r1e.jpg,2700788458.jpg%233r1e.jpg,21514026.jpg%231r1c.jpg
